DRINK,MOUSE,CAGE,Strain,Gen,Family,DOB,DOB,Sex,#,Litter,Notes,USE,12/12/2019,COAT,SQUAD,TX,Weight,D1T0,D1T120,D2TimeZero,D2T0,D2TimeTwo,D2T120,D2TimeFour,D2T240,D1ml,D2ml_02,D2ml_24,D2ml_all,D1gkg,D2gkg_02,D2gkg_24,D2gkg_all,BEC,Footslips,BeamBreaks,AtaxiaRatio,D1mlkg,D2mlkg_02,D2mlkg_24,D2mlkg_all
1,23.1,23,HDID-2,S38,527,19250,9/7/2019,M,4,3,,Parallel Rod,96,aa,1,EtOH,26.5,3.55,4.25,1010,3.6,1210,4.15,1410,4.85,0.7,0.55,0.7,1.25,4.169886792,3.276339623,4.169886792,7.446226415,2.9378,180,486,0.37037037,26.41509434,20.75471698,26.41509434,47.16981132
2,2.1,2,HDID-1,S43.G47,518x,19246,9/3/2019,F,5,2,,Parallel Rod,100,aa,1,Water,21.8,3.5,3.9,1010,3.3,1210,3.5,1410,4.1,0.4,0.2,0.6,0.8,2.896513761,1.448256881,4.344770642,5.793027523,,38,410,0.092682927,18.34862385,9.174311927,27.52293578,36.69724771
3,6.1,6,HDID-1,S43.G47,517x,19250,9/7/2019,M,1,2,,Parallel Rod,96,aa,1,Water,24.3,3.8,4.15,1010,3.45,1210,3.6,1410,5.15,0.35,0.15,1.55,1.7,2.273703704,0.974444444,10.06925926,11.0437037,,30,494,0.060728745,14.40329218,6.172839506,63.78600823,69.95884774
4,35.4,35,HS/Npt,G97.V29,1532,19215,8/3/2019,M,3 (4),2,,Parallel Rod,131,aa,1,EtOH,29.1,3.2,3.3,1010,3.2,1210,3.2,1410,3.3,0.1,0,0.1,0.1,0.542474227,0,0.542474227,0.542474227,0,57,357,0.159663866,3.436426117,0,3.436426117,3.436426117
5,8.2,8,HDID-1,S43.G47,506,19252,9/9/2019,F,2,2,,Parallel Rod,94,aa,2,EtOH,22,3.2,3.2,1020,3.4,1220,3.4,1420,4,0,0,0.6,0.6,0,0,4.305272727,4.305272727,1.8736,85,451,0.188470067,0,0,27.27272727,27.27272727
6,26.3,26,HDID-2,S38,531,19252,9/9/2019,M,3,4,,Parallel Rod,94,bb,2,Water,24.4,4.05,4.6,1020,3.8,1220,4.85,1420,6.1,0.55,1.05,1.25,2.3,3.558319672,6.793155738,8.087090164,14.8802459,,93,479,0.194154489,22.54098361,43.03278689,51.2295082,94.26229508
7,33.2,33,HS/Npt,G97.V29,1550,19213,8/1/2019,M,4,2,,Parallel Rod,133,cc,2,Water,322,3.2,4.1,1020,3.9,1220,5.1,1420,5.85,0.9,1.2,0.75,1.95,0.441223602,0.588298137,0.367686335,0.955984472,,43,449,0.095768374,2.795031056,3.726708075,2.329192547,6.055900621
8,30.4,30,HS/Npt,G97.V29,1505,19214,8/2/2019,F,4,2,,Parallel Rod,132,aa,2,EtOH,24.2,3.3,3.55,1020,3.4,1220,3.6,1420,4.05,0.25,0.2,0.45,0.65,1.630785124,1.304628099,2.935413223,4.240041322,1.80E-01,25,454,0.055066079,10.33057851,8.26446281,18.59504132,26.85950413
9,38.1,38,HS/Npt,G97.V29,1520,19211,7/30/2019,M,4,2,,Parallel Rod,135,cc,3,Water,24.3,4.2,5.05,1030,3.35,1230,4.1,1430,5.15,0.85,0.75,1.05,1.8,5.521851852,4.872222222,6.821111111,11.69333333,,48,431,0.11136891,34.97942387,30.86419753,43.20987654,74.07407407
10,28.3,28,HS/Npt,G97.V29,1501,19217,8/5/2019,F,5,2,,Parallel Rod,129,aa,3,Water,23.2,3.4,4.2,1030,3.7,1230,5.25,1430,6.5,0.8,1.55,1.25,2.8,5.443448276,10.54668103,8.505387931,19.05206897,,57,416,0.137019231,34.48275862,66.81034483,53.87931034,120.6896552
11,38.2,38,HS/Npt,G97.V29,1520,19211,7/30/2019,M,4,2,,Parallel Rod,135,aa,3,EtOH,26.1,3.55,3.75,1030,3.5,1230,3.8,1430,4.05,0.2,0.3,0.25,0.55,1.209655172,1.814482759,1.512068966,3.326551724,1.46E-01,77,461,0.1670282,7.662835249,11.49425287,9.578544061,21.07279693
12,22.1,22,HDID-2,S38,527,19250,9/7/2019,M,4,3,,Parallel Rod,96,aa,3,EtOH,20.7,3.6,4.1,1030,3.2,1230,3.65,1430,4.2,0.5,0.45,0.55,1,3.813043478,3.43173913,4.194347826,7.626086957,2.87012,114,455,0.250549451,24.15458937,21.73913043,26.57004831,48.30917874
13,13.3,13,HDID-1,S43.G47,505,19250,9/7/2019,M,3,2,,Parallel Rod,96,aa,4,Water,25,3.8,4.5,1040,3.2,1240,3.9,1440,4.6,0.7,0.7,0.7,1.4,4.42008,4.42008,4.42008,8.84016,,78,425,0.183529412,28,28,28,56
14,13.1,13,HDID-1,S43.G47,505,19250,9/7/2019,M,3,2,,Parallel Rod,96,bb,4,EtOH,25,3.1,3.6,1040,3.9,1240,4.3,1440,4.95,0.5,0.4,0.65,1.05,3.1572,2.52576,4.10436,6.63012,2.48354,74,433,0.170900693,20,16,26,42
15,9.1,9,HDID-1,S43.G46,507,19245,9/2/2019,M,3,3,,Parallel Rod,101,aa,4,EtOH,21.9,3.5,4.05,1040,3.25,1240,3.8,1440,4.3,0.55,0.55,0.5,1.05,3.964520548,3.964520548,3.604109589,7.568630137,2.91184,107,521,0.20537428,25.11415525,25.11415525,22.83105023,47.94520548
16,20.1,20,HDID-2,S38,521,19252,9/9/2019,F,5,4,,Parallel Rod,94,aa,4,Water,17.4,3.3,4.3,1040,3.8,1240,4.55,1440,5.4,1,0.75,0.85,1.6,9.072413793,6.804310345,7.711551724,14.51586207,,177,384,0.4609375,57.47126437,43.10344828,48.85057471,91.95402299
17,38.3,38,HS/Npt,G97.V29,1520,19211,7/30/2019,M,4,2,,Parallel Rod,135,aa,5,Water,27.3,3.7,4.2,1050,3.2,1250,3.7,1450,4.75,0.5,0.5,1.05,1.55,2.891208791,2.891208791,6.071538462,8.962747253,,50,471,0.106157113,18.31501832,18.31501832,38.46153846,56.77655678
18,14.2,14,HDID-1,S43.G47,508,19250,9/7/2019,M,2,2,,Parallel Rod,96,cc,5,EtOH,22,3.3,3.9,1050,3.4,1250,3.4,1450,3.4,0.6,0,0,0,4.305272727,0,0,0,1.47E-01,36,475,0.075789474,27.27272727,0,0,0
19,37.1,37,HS/Npt,G97.V29,1522,19230,8/18/2019,M,3,2,,Parallel Rod,116,aa,5,EtOH,31.4,3.3,3.5,1050,3.5,1250,3.7,1450,4.15,0.2,0.2,0.45,0.65,1.005477707,1.005477707,2.262324841,3.267802548,3.42E-01,78,496,0.157258065,6.369426752,6.369426752,14.33121019,20.70063694
20,2.4,2,HDID-1,S43.G47,518x,19246,9/3/2019,F,5,2,,Parallel Rod,100,bb,5,Water,21.9,3.35,3.8,1050,3.2,1250,3.4,1450,4.1,0.45,0.2,0.7,0.9,3.24369863,1.441643836,5.045753425,6.48739726,,56,406,0.137931034,20.54794521,9.132420091,31.96347032,41.09589041
21,20.3,20,HDID-2,S38,521,19252,9/9/2019,F,5,4,,Parallel Rod,94,aa,6,EtOH,20,3.3,3.6,1010,3.55,1210,3.8,1410,4.3,0.3,0.25,0.5,0.75,2.3679,1.97325,3.9465,5.91975,1.67348,59,462,0.127705628,15,12.5,25,37.5
22,19.3,19,HDID-2,S37,523,19252,9/9/2019,F,3,5,,Parallel Rod,94,aa,6,Water,18.5,3.2,3.25,1010,3.7,1210,4.45,1410,5.1,0.05,0.75,0.65,1.4,0.426648649,6.39972973,5.546432432,11.94616216,,58,438,0.132420091,2.702702703,40.54054054,35.13513514,75.67567568
23,21.1,21,HDID-2,S38,531,19252,9/9/2019,F,2,4,,Parallel Rod,94,bb,6,EtOH,17.4,3.9,4.3,1010,3.7,1210,4,1410,4.6,0.4,0.3,0.6,0.9,3.628965517,2.721724138,5.443448276,8.165172414,2.48305,146,414,0.352657005,22.98850575,17.24137931,34.48275862,51.72413793
24,2.3,2,HDID-1,S43.G47,518x,19246,9/3/2019,F,5,2,,Parallel Rod,100,bb,6,Water,21.7,3.2,3.2,1010,3.6,1210,4.4,1410,5.35,0,0.8,0.95,1.75,0,5.819723502,6.910921659,12.73064516,,34,458,0.074235808,0,36.86635945,43.77880184,80.64516129
25,17.3,17,HDID-2,S38,527,19250,9/7/2019,F,5,3,,Parallel Rod,96,aa,7,Water,22,4.2,5.1,1020,3.6,1220,4.7,1420,6.25,0.9,1.1,1.55,2.65,6.457909091,7.893,11.12195455,19.01495455,,54,453,0.119205298,40.90909091,50,70.45454545,120.4545455
26,18.5,18,HDID-2,S38,529,19251,9/8/2019,F,5,3,,Parallel Rod,95,aa,7,Water,21.4,3.9,6.7,1020,3.4,1220,4.55,1420,5.55,2.8,1.15,1,2.15,20.65457944,8.483130841,7.376635514,15.85976636,,52,464,0.112068966,130.8411215,53.73831776,46.72897196,100.4672897
27,5.1,5,HDID-1,S43.G47,508,19250,9/7/2019,F,1,2,,Parallel Rod,96,aa,7,EtOH,20.2,3.9,4.1,1020,3.3,1220,3.4,1420,4,0.2,0.1,0.6,0.7,1.562970297,0.781485149,4.688910891,5.47039604,2.1009,43,481,0.089397089,9.900990099,4.95049505,29.7029703,34.65346535
28,4.1,4,HDID-1,S43.G47,505,19250,9/7/2019,F,4,2,,Parallel Rod,96,aa,7,EtOH,21.3,3.7,4.2,1020,4.1,1220,4.2,1420,4.7,0.5,0.1,0.5,0.6,3.705633803,0.741126761,3.705633803,4.446760563,2.57509,64,445,0.143820225,23.4741784,4.694835681,23.4741784,28.16901408
29,21.2,21,HDID-2,S38,531,19252,9/9/2019,F,2,4,,Parallel Rod,94,aa,8,EtOH,18.6,3.3,3.9,1030,3.55,1230,3.9,1430,4.6,0.6,0.35,0.7,1.05,5.092258065,2.970483871,5.940967742,8.911451613,2.92419,169,482,0.350622407,32.25806452,18.8172043,37.6344086,56.4516129
30,33.4,33,HS/Npt,G97.V29,1550,19213,8/1/2019,M,4,2,,Parallel Rod,133,cc,8,EtOH,24.7,3.6,4,1030,3.8,1230,4.1,1430,4.5,0.4,0.3,0.4,0.7,2.556437247,1.917327935,2.556437247,4.473765182,4.92E-01,79,383,0.206266319,16.19433198,12.14574899,16.19433198,28.34008097
31,1.1,1,HDID-1,S43.G46,514,19245,9/2/2019,F,1,5,,Parallel Rod,101,aa,8,Water,18.4,4.3,4.75,1030,3.6,1230,3.75,1430,3.9,0.45,0.15,0.15,0.3,3.860706522,1.286902174,1.286902174,2.573804348,,12,441,0.027210884,24.45652174,8.152173913,8.152173913,16.30434783
32,8.1,8,HDID-1,S43.G47,506,19252,9/9/2019,F,2,2,,Parallel Rod,94,aa,8,Water,23.9,4.2,4.75,1030,3.7,1230,3.9,1430,3.9,0.55,0.2,0,0.2,3.632761506,1.321004184,0,1.321004184,,93,508,0.183070866,23.0125523,8.368200837,0,8.368200837
33,22.3,22,HDID-2,S38,527,19250,9/7/2019,M,4,3,,Parallel Rod,96,aa,9,Water,23.2,3.2,3.3,1040,3.2,1240,4,1440,5.1,0.1,0.8,1.1,1.9,0.680431034,5.443448276,7.484741379,12.92818966,,38,505,0.075247525,4.310344828,34.48275862,47.4137931,81.89655172
34,33.3,33,HS/Npt,G97.V29,1550,19213,8/1/2019,M,4,2,,Parallel Rod,133,cc,9,Water,32.2,3.7,4.5,1040,3.3,1240,4.2,1440,5.2,0.8,0.9,1,1.9,3.921987578,4.412236025,4.902484472,9.314720497,,78,484,0.161157025,24.8447205,27.95031056,31.05590062,59.00621118
35,36.2,36,HS/Npt,G97.V29,1523,19215,8/3/2019,M,3,2,,Parallel Rod,131,aa,9,EtOH,36.5,3.2,3.3,1040,3.3,1240,3.3,1440,3.8,0.1,0,0.5,0.5,0.432493151,0,2.162465753,2.162465753,5.04E-01,66,478,0.138075314,2.739726027,0,13.69863014,13.69863014
36,25.1,25,HDID-2,S37,523,19252,9/9/2019,M,3,5,,Parallel Rod,94,aa,9,EtOH,21.7,3.2,3.7,1040,3.3,1240,3.5,1440,4.05,0.5,0.2,0.55,0.75,3.637327189,1.454930876,4.001059908,5.455990783,1.29792,103,431,0.238979118,23.04147465,9.216589862,25.34562212,34.56221198
37,10.4,10,HDID-1,S43.G46,514,19245,9/2/2019,M,4,5,,Parallel Rod,101,aa,10,Water,20.4,3.6,4,1050,3.3,1250,3.4,1450,4.4,0.4,0.1,1,1.1,3.095294118,0.773823529,7.738235294,8.512058824,,15,442,0.033936652,19.60784314,4.901960784,49.01960784,53.92156863
38,12.2,12,HDID-1,S43.G47,501,19247,9/4/2019,M,4,2,,Parallel Rod,99,bb,10,EtOH,23.4,3.4,3.7,1050,3.3,1250,3.8,1450,4.5,0.3,0.5,0.7,1.2,2.023846154,3.373076923,4.722307692,8.095384615,3.94039,154,455,0.338461538,12.82051282,21.36752137,29.91452991,51.28205128
39,23.3,23,HDID-2,S38,527,19250,9/7/2019,M,4,3,,Parallel Rod,96,aa,10,Water,25.7,3.15,3.9,1050,3.35,1250,3.75,1450,3.75,0.75,0.4,0,0.4,4.606809339,2.456964981,0,2.456964981,,48,431,0.11136891,29.18287938,15.56420233,0,15.56420233
40,24.4,24,HDID-2,S38,529,19251,9/8/2019,M,4,3,,Parallel Rod,95,aa,10,EtOH,22.1,3.5,3.7,1050,3.5,1250,4.2,1450,4.8,0.2,0.7,0.6,1.3,1.428597285,5.000090498,4.285791855,9.285882353,2.734,119,427,0.278688525,9.049773756,31.67420814,27.14932127,58.82352941
41,20.2,20,HDID-2,S38,521,19252,9/9/2019,F,5,4,,Parallel Rod,94,aa,11,EtOH,16.6,3.5,3.75,1010,3.5,1210,4.05,1410,4.7,0.25,0.55,0.65,1.2,2.377409639,5.230301205,6.18126506,11.41156627,2.76339,200,442,0.452488688,15.06024096,33.13253012,39.15662651,72.28915663
42,28.2,28,HS/Npt,G97.V29,1501,19217,8/5/2019,F,5,2,,Parallel Rod,129,bb,11,Water,26,3.4,4.3,1010,3.5,1210,4.3,1410,5.6,0.9,0.8,1.3,2.1,5.464384615,4.857230769,7.893,12.75023077,,74,467,0.158458244,34.61538462,30.76923077,50,80.76923077
43,31.2,31,HS/Npt,G97.V29,1514,19215,8/3/2019,F,3,2,,Parallel Rod,131,aa,11,Water,25.6,3.3,3.9,1010,3.5,1210,4.3,1410,5.4,0.6,0.8,1.1,1.9,3.69984375,4.933125,6.783046875,11.71617188,,21,477,0.044025157,23.4375,31.25,42.96875,74.21875
44,28.5,28,HS/Npt,G97.V29,1501,19217,8/5/2019,F,5,2,,Parallel Rod,129,aa,11,EtOH,23.7,3.4,3.55,1010,3.5,1210,3.7,1410,4.2,0.15,0.2,0.5,0.7,0.999113924,1.332151899,3.330379747,4.662531646,2.20E-01,63,461,0.136659436,6.329113924,8.438818565,21.09704641,29.53586498
45,26.2,26,HDID-2,S38,531,19252,9/9/2019,M,3,4,,Parallel Rod,94,bb,12,EtOH,24.3,3.2,3.6,1020,3.35,1220,3.55,1420,4.25,0.4,0.2,0.7,0.9,2.598518519,1.299259259,4.547407407,5.846666667,1.89316,162,501,0.323353293,16.46090535,8.230452675,28.80658436,37.03703704
46,9.2,9,HDID-1,S43.G46,507,19245,9/2/2019,M,3,3,,Parallel Rod,101,aa,12,Water,25.3,3.75,3.8,1020,3.75,1220,4.2,1420,5.3,0.05,0.45,1.1,1.55,0.311976285,2.807786561,6.863478261,9.671264822,,300,524,0.572519084,1.976284585,17.78656126,43.47826087,61.26482213
47,7.3,7,HDID-1,S43.G46,501,19251,9/8/2019,F,4,6,,Parallel Rod,95,aa,12,EtOH,17.4,3.4,3.9,1020,3.5,1220,3.5,1420,3.6,0.5,0,0.1,0.1,4.536206897,0,0.907241379,0.907241379,4.76E-01,16,420,0.038095238,28.73563218,0,5.747126437,5.747126437
48,24.2,24,HDID-2,S38,529,19251,9/8/2019,M,4,3,,Parallel Rod,95,aa,12,Water,24.5,3.2,4.1,1020,4,1220,4.8,1420,6.15,0.9,0.8,1.35,2.15,5.798938776,5.154612245,8.698408163,13.85302041,,39,462,0.084415584,36.73469388,32.65306122,55.10204082,87.75510204
49,15.1,15,HDID-1,S43.G47,517x,19250,9/7/2019,F,1,2,,Parallel Rod,96,bb,13,EtOH,18.8,3.6,3.9,1030,3.2,1230,3.85,1430,4,0.3,0.65,0.15,0.8,2.519042553,5.457925532,1.259521277,6.717446809,1.59198,55,438,0.125570776,15.95744681,34.57446809,7.978723404,42.55319149
50,34.1,34,HS/Npt,G97.V29,1542,19216,8/4/2019,M,3,2,,Parallel Rod,130,bb,13,Water,28.1,3.4,3.8,1030,3.65,1230,4.2,1430,5.7,0.4,0.55,1.5,2.05,2.247117438,3.089786477,8.426690391,11.51647687,,69,488,0.141393443,14.23487544,19.57295374,53.38078292,72.95373665
51,29.2,29,HS/Npt,G97.V29,1502,19217,8/5/2019,F,5,2,,Parallel Rod,129,aa,13,EtOH,23.3,3.4,3.65,1030,3.6,1230,3.75,1430,4.2,0.25,0.15,0.45,0.6,1.693776824,1.016266094,3.048798283,4.065064378,0,40,397,0.100755668,10.72961373,6.43776824,19.31330472,25.75107296
52,35.1,35,HS/Npt,G97.V29,1532,19215,8/3/2019,M,3 (4),2,,Parallel Rod,131,aa,13,Water,26.9,3.2,4,1030,3.3,1230,4.6,1430,5.85,0.8,1.3,1.25,2.55,4.69472119,7.628921933,7.335501859,14.96442379,,28,471,0.059447983,29.73977695,48.32713755,46.46840149,94.79553903
53,20.4,20,HDID-2,S38,521,19252,9/9/2019,F,5,4,,Parallel Rod,94,aa,14,Water,16.7,4,4.5,1040,3.7,1240,4.15,1440,5.15,0.5,0.45,1,1.45,4.726347305,4.253712575,9.452694611,13.70640719,,33,395,0.083544304,29.94011976,26.94610778,59.88023952,86.82634731
54,29.1,29,HS/Npt,G97.V29,1502,19217,8/5/2019,F,5,2,,Parallel Rod,129,aa,14,EtOH,23.4,3.2,3.4,1040,3.3,1240,3.35,1440,3.6,0.2,0.05,0.25,0.3,1.349230769,0.337307692,1.686538462,2.023846154,1.30757,65,415,0.156626506,8.547008547,2.136752137,10.68376068,12.82051282
55,24.1,24,HDID-2,S38,529,19251,9/8/2019,M,4,3,,Parallel Rod,95,aa,14,Water,29,3.15,4.4,1040,3.7,1240,5.75,1440,7.3,1.25,2.05,1.55,3.6,6.804310345,11.15906897,8.437344828,19.59641379,,30,489,0.061349693,43.10344828,70.68965517,53.44827586,124.137931
56,27.1,27,HDID-2,S38,535,19253,9/10/2019,M,2,4,,Parallel Rod,93,aa,14,EtOH,28.5,3.4,4.1,1040,3.4,1240,4.05,1440,4.9,0.7,0.65,0.85,1.5,3.877263158,3.600315789,4.708105263,8.308421053,2.04201,171,522,0.327586207,24.56140351,22.80701754,29.8245614,52.63157895
57,17.2,17,HDID-2,S38,527,19250,9/7/2019,F,5,3,,Parallel Rod,96,aa,15,Water,19.5,3.2,3.5,1050,3.4,1250,3.5,1450,4.7,0.3,0.1,1.2,1.3,2.428615385,0.809538462,9.714461538,10.524,,31,462,0.067099567,15.38461538,5.128205128,61.53846154,66.66666667
58,4.3,4,HDID-1,S43.G47,505,19250,9/7/2019,F,4,2,,Parallel Rod,96,aa,15,EtOH,16.4,3.8,4,1050,3.4,1250,3.7,1450,4.2,0.2,0.3,0.5,0.8,1.925121951,2.887682927,4.812804878,7.700487805,1.95937,96,439,0.218678815,12.19512195,18.29268293,30.48780488,48.7804878
59,23.2,23,HDID-2,S38,527,19250,9/7/2019,M,4,3,,Parallel Rod,96,aa,15,EtOH,23.6,3.25,3.9,1050,3.3,1250,3.3,1450,3.3,0.65,0,0,0,4.347838983,0,0,0,1.34E-01,35,453,0.077262693,27.54237288,0,0,0
60,17.5,17,HDID-2,S38,527,19250,9/7/2019,F,5,3,,Parallel Rod,96,aa,15,Water,16.9,3.4,4.2,1050,3.7,1250,4.2,1450,5.1,0.8,0.5,0.9,1.4,7.472662722,4.670414201,8.406745562,13.07715976,,57,371,0.153638814,47.33727811,29.58579882,53.25443787,82.84023669
61,30.3,30,HS/Npt,G97.V29,1505,19214,8/2/2019,F,4,2,,Parallel Rod,132,aa,16,EtOH,23.1,4.45,4.7,1010,3.6,1210,3.9,1410,4.25,0.25,0.3,0.35,0.65,1.708441558,2.05012987,2.391818182,4.441948052,0,31,431,0.071925754,10.82251082,12.98701299,15.15151515,28.13852814
62,29.3,29,HS/Npt,G97.V29,1502,19217,8/5/2019,F,5,2,,Parallel Rod,129,aa,16,EtOH,23.6,3.5,3.65,1010,3.55,1210,3.7,1410,3.9,0.15,0.15,0.2,0.35,1.003347458,1.003347458,1.33779661,2.341144068,4.36E-01,52,486,0.106995885,6.355932203,6.355932203,8.474576271,14.83050847
63,22.4,22,HDID-2,S38,527,19250,9/7/2019,M,4,3,,Parallel Rod,96,aa,16,Water,24.8,3.6,3.7,1010,3.6,1210,3.7,1410,3.7,0.1,0.1,0,0.1,0.636532258,0.636532258,0,0.636532258,,26,460,0.056521739,4.032258065,4.032258065,0,4.032258065
64,12.4,12,HDID-1,S43.G47,501,19247,9/4/2019,M,4,2,,Parallel Rod,99,aa,16,Water,27.9,3.2,4,1010,3.2,1210,4.05,1410,5.2,0.8,0.85,1.15,2,4.526451613,4.809354839,6.506774194,11.31612903,,133,491,0.270875764,28.67383513,30.46594982,41.21863799,71.68458781
65,18.1,18,HDID-2,S38,529,19251,9/8/2019,F,5,3,,Parallel Rod,95,aa,17,EtOH,23.3,3.7,4.5,1020,3.5,1220,3.9,1420,4.6,0.8,0.4,0.7,1.1,5.420085837,2.710042918,4.742575107,7.452618026,2.59057,75,478,0.156903766,34.33476395,17.16738197,30.04291845,47.21030043
66,17.1,17,HDID-2,S38,527,19250,9/7/2019,F,5,3,,Parallel Rod,96,aa,17,EtOH,23.6,3.65,4.2,1020,3.85,1220,3.9,1420,4.7,0.55,0.05,0.8,0.85,3.678940678,0.334449153,5.351186441,5.685635593,2.53632,192,404,0.475247525,23.30508475,2.118644068,33.89830508,36.01694915
67,18.2,18,HDID-2,S38,529,19251,9/8/2019,F,5,3,,Parallel Rod,95,aa,17,Water,24.6,3.25,4.15,1020,3.5,1220,4,1420,5.6,0.9,0.5,1.6,2.1,5.775365854,3.208536585,10.26731707,13.47585366,,40,432,0.092592593,36.58536585,20.32520325,65.04065041,85.36585366
68,22.2,22,HDID-2,S38,527,19250,9/7/2019,M,4,3,,Parallel Rod,96,aa,17,Water,23.9,3.2,4.25,1020,3.8,1220,4.45,1420,5.5,1.05,0.65,1.05,1.7,6.935271967,4.293263598,6.935271967,11.22853556,,32,479,0.066805846,43.93305439,27.19665272,43.93305439,71.12970711
69,25.3,25,HDID-2,S37,523,19252,9/9/2019,M,3,5,,Parallel Rod,94,aa,18,EtOH,23.3,3.6,4.3,1030,3.2,1230,3.4,1430,4.05,0.7,0.2,0.65,0.85,4.742575107,1.355021459,4.403819742,5.758841202,1.51124,108,482,0.22406639,30.04291845,8.583690987,27.89699571,36.4806867
70,29.4,29,HS/Npt,G97.V29,1502,19217,8/5/2019,F,5,2,,Parallel Rod,129,aa,18,Water,22.1,3.5,4.1,1030,3.3,1230,4.1,1430,5.1,0.6,0.8,1,1.8,4.285791855,5.71438914,7.142986425,12.85737557,,59,461,0.127982646,27.14932127,36.19909502,45.24886878,81.4479638
71,19.2,19,HDID-2,S37,523,19252,9/9/2019,F,3,5,,Parallel Rod,94,aa,18,Water,19.7,3.2,5.2,1030,4.2,1230,5.6,1430,6.5,2,1.4,0.9,2.3,16.02639594,11.21847716,7.211878173,18.43035533,,50,385,0.12987013,101.5228426,71.06598985,45.68527919,116.751269
72,4.2,4,HDID-1,S43.G47,505,19250,9/7/2019,F,4,2,,Parallel Rod,96,aa,18,EtOH,24.1,3.5,3.9,1030,3.8,1230,4.3,1430,4.75,0.4,0.5,0.45,0.95,2.620082988,3.275103734,2.947593361,6.222697095,2.25949,73,478,0.152719665,16.59751037,20.74688797,18.67219917,39.41908714
73,34.3,34,HS/Npt,G97.V29,1542,19216,8/4/2019,M,3,2,,Parallel Rod,130,bb,19,EtOH,25.8,3.45,3.5,1040,3.75,1240,3.75,1440,3.75,0.05,0,0,0,0.305930233,0,0,0,1.53E-01,108,482,0.22406639,1.937984496,0,0,0
74,28.1,28,HS/Npt,G97.V29,1501,19217,8/5/2019,F,5,2,,Parallel Rod,129,bb,19,EtOH,23.1,3.3,3.4,1040,3.8,1240,4.15,1440,4.4,0.1,0.35,0.25,0.6,0.683376623,2.391818182,1.708441558,4.10025974,1.39E-01,59,461,0.127982646,4.329004329,15.15151515,10.82251082,25.97402597
75,32.2,32,HS/Npt,G97.V29,1530,19218,8/6/2019,F,2,2,,Parallel Rod,128,cc,19,Water,25.1,3.15,3.4,1040,4.1,1240,4.9,1440,6,0.25,0.8,1.1,1.9,1.572310757,5.031394422,6.918167331,11.94956175,,50,385,0.12987013,9.960159363,31.87250996,43.8247012,75.69721116
76,11.1,11,HDID-1,S43.G47,518x,19246,9/3/2019,M,1,2,,Parallel Rod,100,aa,19,Water,29.5,3,3.6,1040,3.45,1240,4.1,1440,5.15,0.6,0.65,1.05,1.7,3.210711864,3.478271186,5.618745763,9.097016949,,73,478,0.152719665,20.33898305,22.03389831,35.59322034,57.62711864
77,25.2,25,HDID-2,S37,523,19252,9/9/2019,M,3,5,,Parallel Rod,94,aa,20,EtOH,20.8,3.3,4.2,1050,3.3,1250,3.9,1450,4.6,0.9,0.6,0.7,1.3,6.830480769,4.553653846,5.312596154,9.86625,3.56327,221,464,0.476293103,43.26923077,28.84615385,33.65384615,62.5
78,12.3,12,HDID-1,S43.G47,501,19247,9/4/2019,M,4,2,,Parallel Rod,99,aa,20,EtOH,24.1,4,4.5,1050,3.7,1250,4.15,1450,4.75,0.5,0.45,0.6,1.05,3.275103734,2.947593361,3.930124481,6.877717842,2.81247,150,450,0.333333333,20.74688797,18.67219917,24.89626556,43.56846473
79,27.2,27,HDID-2,S38,535,19253,9/10/2019,M,2,4,,Parallel Rod,93,aa,20,Water,29.5,3.7,5.2,1050,3.4,1250,4,1450,5.1,1.5,0.6,1.1,1.7,8.026779661,3.210711864,5.886305085,9.097016949,,146,476,0.306722689,50.84745763,20.33898305,37.28813559,57.62711864
80,31.1,31,HS/Npt,G97.V29,1514,19215,8/3/2019,F,3,2,,Parallel Rod,131,aa,20,Water,24.5,3.5,4.1,1050,3.7,1250,3.9,1450,4.4,0.6,0.2,0.5,0.7,3.865959184,1.288653061,3.221632653,4.510285714,,101,483,0.209109731,24.48979592,8.163265306,20.40816327,28.57142857
81,36.3,36,HS/Npt,G97.V29,1523,19215,8/3/2019,M,3,2,,Parallel Rod,131,aa,21,Water,36.4,3.2,3.9,1010,3.7,1210,4.6,1410,5.65,0.7,0.9,1.05,1.95,3.035769231,3.903131868,4.553653846,8.456785714,,31,430,0.072093023,19.23076923,24.72527473,28.84615385,53.57142857
82,32.1,32,HS/Npt,G97.V29,1521,19214,8/2/2019,F,1,2,,Parallel Rod,132,aa,21,Water,22.7,3.55,4.1,1010,3.6,1210,4.4,1410,5.75,0.55,0.8,1.35,2.15,3.824801762,5.563348018,9.38814978,14.9514978,,48,459,0.104575163,24.22907489,35.24229075,59.47136564,94.71365639
83,13.2,13,HDID-1,S43.G47,505,19250,9/7/2019,M,3,2,,Parallel Rod,96,aa,21,EtOH,25.6,3.8,4.35,1010,3.5,1210,3.75,1410,4.2,0.55,0.25,0.45,0.7,3.391523438,1.541601563,2.774882813,4.316484375,1.52465,48,459,0.104575163,21.484375,9.765625,17.578125,27.34375
84,30.1,30,HS/Npt,G97.V29,1505,19214,8/2/2019,F,4,2,,Parallel Rod,132,ddaa,21,EtOH,24.3,3.3,3.45,1010,3.7,1210,3.7,1410,3.8,0.15,0,0.1,0.1,0.974444444,0,0.64962963,0.64962963,3.36E-01,45,440,0.102272727,6.172839506,0,4.115226337,4.115226337
85,35.3,35,HS/Npt,G97.V29,1532,19215,8/3/2019,M,3 (4),2,,Parallel Rod,131,aa,22,Water,29.6,3.4,4,1020,3.6,1220,4.4,1420,5.4,0.6,0.8,1,1.8,3.199864865,4.266486486,5.333108108,9.599594595,,32,408,0.078431373,20.27027027,27.02702703,33.78378378,60.81081081
86,3.1,3,HDID-1,S43.G47,501,19247,9/4/2019,F,2,2,,Parallel Rod,99,bb,22,EtOH,20.8,3.4,3.5,1020,3.5,1220,4.1,1420,4.5,0.1,0.6,0.4,1,0.758942308,4.553653846,3.035769231,7.589423077,2.40613,79,492,0.160569106,4.807692308,28.84615385,19.23076923,48.07692308
87,2.5,2,HDID-1,S43.G47,518x,19246,9/3/2019,F,5,2,,Parallel Rod,100,bb,22,Water,21.5,3.4,3.7,1020,3.4,1220,3.65,1420,4.25,0.3,0.25,0.6,0.85,2.202697674,1.835581395,4.405395349,6.240976744,,14,443,0.031602709,13.95348837,11.62790698,27.90697674,39.53488372
88,20.5,20,HDID-2,S38,521,19252,9/9/2019,F,5,4,,Parallel Rod,94,aa,22,EtOH,22.2,3.65,4.05,1020,3.85,1220,4.3,1420,4.8,0.4,0.45,0.5,0.95,2.844324324,3.199864865,3.555405405,6.75527027,2.19408,118,390,0.302564103,18.01801802,20.27027027,22.52252252,42.79279279
89,28.4,28,HS/Npt,G97.V29,1501,19217,8/5/2019,F,5,2,,Parallel Rod,129,aa,23,Water,26.3,3.4,4.1,1030,3.2,1230,4.2,1430,5.3,0.7,1,1.1,2.1,4.201596958,6.002281369,6.602509506,12.60479087,,48,399,0.120300752,26.61596958,38.02281369,41.82509506,79.84790875
90,9.3,9,HDID-1,S43.G46,507,19245,9/2/2019,M,3,3,,Parallel Rod,101,aa,23,EtOH,26.5,3.8,4.4,1030,3.2,1230,3.3,1430,3.95,0.6,0.1,0.65,0.75,3.574188679,0.595698113,3.872037736,4.467735849,3.05902,135,505,0.267326733,22.64150943,3.773584906,24.52830189,28.30188679
91,10.2,10,HDID-1,S43.G46,514,19245,9/2/2019,M,4,5,,Parallel Rod,101,aa,23,Water,24.5,3.7,4.7,1030,3.55,1230,4.35,1430,5,1,0.8,0.65,1.45,6.443265306,5.154612245,4.188122449,9.342734694,,119,458,0.259825328,40.81632653,32.65306122,26.53061224,59.18367347
92,17.4,17,HDID-2,S38,527,19250,9/7/2019,F,5,3,,Parallel Rod,96,aa,23,EtOH,23.4,3.45,3.9,1030,3.6,1230,3.9,1430,4.6,0.45,0.3,0.7,1,3.035769231,2.023846154,4.722307692,6.746153846,2.12547,86,446,0.192825112,19.23076923,12.82051282,29.91452991,42.73504274
93,14.1,14,HDID-1,S43.G47,508,19250,9/7/2019,M,2,2,,Parallel Rod,96,cc,24,Water,24.4,3.6,4.6,1040,3.65,1240,3.8,1440,3.85,1,0.15,0.05,0.2,6.469672131,0.97045082,0.323483607,1.293934426,,41,472,0.086864407,40.98360656,6.147540984,2.049180328,8.196721311
94,12.1,12,HDID-1,S43.G47,501,19247,9/4/2019,M,4,2,,Parallel Rod,99,bb,24,EtOH,24.1,3.6,4,1040,3.45,1240,4.2,1440,4.4,0.4,0.75,0.2,0.95,2.620082988,4.912655602,1.310041494,6.222697095,1.31204,60,433,0.138568129,16.59751037,31.12033195,8.298755187,39.41908714
95,31.3,31,HS/Npt,G97.V29,1514,19215,8/3/2019,F,3,2,,Parallel Rod,131,aa,24,EtOH,27.2,3.5,3.7,1040,3.6,1240,3.9,1440,4.5,0.2,0.3,0.6,0.9,1.160735294,1.741102941,3.482205882,5.223308824,2.25E-01,57,507,0.112426036,7.352941176,11.02941176,22.05882353,33.08823529
96,2.2,2,HDID-1,S43.G47,518x,19246,9/3/2019,F,5,2,,Parallel Rod,100,bb,24,Water,20.1,3.2,3.65,1040,3.5,1240,4,1440,4.35,0.45,0.5,0.35,0.85,3.534179104,3.926865672,2.74880597,6.675671642,,46,438,0.105022831,22.3880597,24.87562189,17.41293532,42.28855721
97,19.1,19,HDID-2,S37,523,19252,9/9/2019,F,3,5,,Parallel Rod,94,aa,25,EtOH,20.7,3.2,3.95,1050,3.8,1250,4.25,1450,4.85,0.75,0.45,0.6,1.05,5.719565217,3.43173913,4.575652174,8.007391304,2.33561,155,458,0.338427948,36.23188406,21.73913043,28.98550725,50.72463768
98,24.3,24,HDID-2,S38,529,19251,9/8/2019,M,4,3,,Parallel Rod,95,aa,25,Water,23.6,3.4,4.1,1050,3.4,1250,4.05,1450,4.95,0.7,0.65,0.9,1.55,4.682288136,4.347838983,6.020084746,10.36792373,,104,452,0.230088496,29.66101695,27.54237288,38.13559322,65.6779661
99,37.2,37,HS/Npt,G97.V29,1522,19230,8/18/2019,M,3,2,,Parallel Rod,116,aa,25,Water,28.6,3.6,4.5,1050,3.5,1250,4.4,1450,5.4,0.9,0.9,1,1.9,4.967622378,4.967622378,5.51958042,10.4872028,,31,459,0.067538126,31.46853147,31.46853147,34.96503497,66.43356643
100,16.2,16,HDID-1,S43.G46,502,19247,9/4/2019,M,2,5,,Parallel Rod,99,bb,25,EtOH,24.6,3.7,4.15,1050,3.7,1250,4.25,1450,4.65,0.45,0.55,0.4,0.95,2.887682927,3.529390244,2.566829268,6.096219512,1.76952,140,490,0.285714286,18.29268293,22.35772358,16.2601626,38.61788618
101,34.2,34,HS/Npt,G97.V29,1542,19216,8/4/2019,M,3,2,,Parallel Rod,130,bb,26,EtOH,30.7,3.5,3.65,1010,3.85,1210,3.85,1410,4.15,0.15,0,0.3,0.3,0.771302932,0,1.542605863,1.542605863,1.48E-01,33,444,0.074324324,4.885993485,0,9.771986971,9.771986971
102,23.4,23,HDID-2,S38,527,19250,9/7/2019,M,4,3,,Parallel Rod,96,aa,26,Water,26.8,3.25,4.5,1010,3.5,1210,4.25,1410,5.85,1.25,0.75,1.6,2.35,7.362873134,4.417723881,9.424477612,13.84220149,,64,485,0.131958763,46.64179104,27.98507463,59.70149254,87.68656716
103,10.3,10,HDID-1,S43.G46,514,19245,9/2/2019,M,4,5,,Parallel Rod,101,aa,26,EtOH,25.3,3.35,3.45,1010,3.9,1210,3.9,1410,4.9,0.1,0,1,1,0.623952569,0,6.239525692,6.239525692,2.93875,169,489,0.345603272,3.95256917,0,39.5256917,39.5256917
104,10.1,10,HDID-1,S43.G46,514,19245,9/2/2019,M,4,5,,Parallel Rod,101,aa,26,Water,25.4,3.4,3.5,1010,3.7,1210,4.6,1410,5.8,0.1,0.9,1.2,2.1,0.621496063,5.593464567,7.457952756,13.05141732,,54,439,0.123006834,3.937007874,35.43307087,47.24409449,82.67716535
105,7.1,7,HDID-1,S43.G46,501,19251,9/8/2019,F,4,6,,Parallel Rod,95,aa,27,EtOH,19.8,3.6,3.85,1020,3.7,1220,4.2,1420,4.25,0.25,0.5,0.05,0.55,1.993181818,3.986363636,0.398636364,4.385,5.42E-01,11,462,0.023809524,12.62626263,25.25252525,2.525252525,27.77777778
106,7.2,7,HDID-1,S43.G46,501,19251,9/8/2019,F,4,6,,Parallel Rod,95,aa,27,Water,19,3.4,3.6,1020,3.2,1220,3.4,1420,3.8,0.2,0.2,0.4,0.6,1.661684211,1.661684211,3.323368421,4.985052632,,13,441,0.029478458,10.52631579,10.52631579,21.05263158,31.57894737
107,35.2,35,HS/Npt,G97.V29,1532,19215,8/3/2019,M,3 (4),2,,Parallel Rod,131,aa,27,EtOH,30.3,3.35,3.5,1020,3.4,1220,3.4,1420,3.7,0.15,0,0.3,0.3,0.781485149,0,1.562970297,1.562970297,5.81E-01,54,490,0.110204082,4.95049505,0,9.900990099,9.900990099
108,7.4,7,HDID-1,S43.G46,501,19251,9/8/2019,F,4,6,,Parallel Rod,95,aa,27,Water,17.4,3.5,4.35,1020,4.15,1220,4.7,1420,5.45,0.85,0.55,0.75,1.3,7.711551724,4.989827586,6.804310345,11.79413793,,19,418,0.045454545,48.85057471,31.6091954,43.10344828,74.71264368
109,26.1,26,HDID-2,S38,531,19252,9/9/2019,M,3,4,,Parallel Rod,94,aa,28,EtOH,22.7,3.3,3.8,1030,3.7,1230,3.95,1430,4.8,0.5,0.25,0.85,1.1,3.477092511,1.738546256,5.911057269,7.649603524,2.14138,117,500,0.234,22.02643172,11.01321586,37.44493392,48.45814978
110,30.2,30,HS/Npt,G97.V29,1505,19214,8/2/2019,F,4,2,,Parallel Rod,132,ddaa,28,Water,22.1,3.3,4.05,1030,3.2,1230,4.3,1430,5.1,0.75,1.1,0.8,1.9,5.357239819,7.857285068,5.71438914,13.57167421,,11,469,0.023454158,33.93665158,49.77375566,36.19909502,85.97285068
111,29.5,29,HS/Npt,G97.V29,1502,19217,8/5/2019,F,5,2,,Parallel Rod,129,aa,28,EtOH,25.4,3.6,3.85,1030,3.3,1230,3.7,1430,4.1,0.25,0.4,0.4,0.8,1.553740157,2.485984252,2.485984252,4.971968504,4.50E-01,24,456,0.052631579,9.842519685,15.7480315,15.7480315,31.49606299
112,36.1,36,HS/Npt,G97.V29,1523,19215,8/3/2019,M,3,2,,Parallel Rod,131,aa,28,Water,28.4,3.3,4,1030,3.35,1230,4.25,1430,5.2,0.7,0.9,0.95,1.85,3.890915493,5.002605634,5.280528169,10.2831338,,145,476,0.304621849,24.64788732,31.69014085,33.45070423,65.14084507
113,37.3,37,HS/Npt,G97.V29,1522,19230,8/18/2019,M,3,2,,Parallel Rod,116,aa,29,EtOH,28.7,3.5,4.7,1040,3.4,1240,3.7,1440,4.15,1.2,0.3,0.45,0.75,6.600418118,1.65010453,2.475156794,4.125261324,2.82E-01,119,456,0.260964912,41.81184669,10.45296167,15.67944251,26.13240418
114,32.3,32,HS/Npt,G97.V29,1530,19218,8/6/2019,F,2,2,,Parallel Rod,128,cc,29,Water,31.6,3.5,4.1,1040,3.2,1240,4.2,1440,5.1,0.6,1,0.9,1.9,2.997341772,4.99556962,4.496012658,9.491582278,,70,451,0.155210643,18.98734177,31.64556962,28.48101266,60.12658228
115,18.4,18,HDID-2,S38,529,19251,9/8/2019,F,5,3,,Parallel Rod,95,aa,29,Water,19.4,3.1,4.2,1040,3.7,1240,5,1440,6,1.1,1.3,1,2.3,8.950824742,10.57824742,8.137113402,18.71536082,,46,464,0.099137931,56.70103093,67.01030928,51.54639175,118.556701
116,33.1,33,HS/Npt,G97.V29,1550,19213,8/1/2019,M,4,2,,Parallel Rod,133,bb,29,EtOH,36.8,3.8,4.3,1040,3.3,1240,4.1,1440,4.5,0.5,0.8,0.4,1.2,2.144836957,3.43173913,1.715869565,5.147608696,4.05E-01,187,371,0.504043127,13.58695652,21.73913043,10.86956522,32.60869565
117,18.3,18,HDID-2,S38,529,19251,9/8/2019,F,5,3,,Parallel Rod,95,aa,30,EtOH,21.3,3.4,4.1,1050,3.5,1250,4.1,1450,4.75,0.7,0.6,0.65,1.25,5.187887324,4.446760563,4.817323944,9.264084507,2.46306,88,442,0.199095023,32.86384977,28.16901408,30.51643192,58.68544601
118,16.1,16,HDID-1,S43.G46,502,19247,9/4/2019,M,2,5,,Parallel Rod,99,bb,30,Water,22.1,3.35,4.3,1050,3.5,1250,4.1,1450,4.1,0.95,0.6,0,0.6,6.785837104,4.285791855,0,4.285791855,,63,466,0.135193133,42.98642534,27.14932127,0,27.14932127
119,4.4,4,HDID-1,S43.G47,505,19250,9/7/2019,F,4,2,,Parallel Rod,96,aa,30,EtOH,21.7,3.85,4.35,1050,3.6,1250,4,1450,4.4,0.5,0.4,0.4,0.8,3.637327189,2.909861751,2.909861751,5.819723502,1.83556,51,417,0.122302158,23.04147465,18.43317972,18.43317972,36.86635945
120,3.2,3,HDID-1,S43.G47,501,19247,9/4/2019,F,2,2,,Parallel Rod,99,aa,30,Water,19.9,3.2,3.7,1050,3.45,1250,3.7,1450,3.7,0.5,0.25,0,0.25,3.966331658,1.983165829,0,1.983165829,,37,383,0.096605744,25.12562814,12.56281407,0,12.56281407
,,,,,,,,,,,,,,,,,,,,,,,,,,,,,,,,,,,,,,,,,
